{
  "LSTM": {
    "MSE": 0.009675274603068829,
    "RMSE": 0.09836297374047223,
    "MAE": 0.0822727158665657,
    "R2": -0.00469517707824707,
    "MAPE": 43.01679229736328,
    "MSE_original": 35.76600646972656,
    "RMSE_original": 5.98046875,
    "MAE_original": 5.002181529998779,
    "by_horizon": {
      "hour_1": {
        "MSE": 0.009657774120569229,
        "RMSE": 0.0982739747876783,
        "MAE": 0.08216013014316559
      },
      "hour_2": {
        "MSE": 0.009715474210679531,
        "RMSE": 0.09856710511463514,
        "MAE": 0.08215846866369247
      },
      "hour_3": {
        "MSE": 0.009584233164787292,
        "RMSE": 0.09789909685378764,
        "MAE": 0.08220885694026947
      },
      "hour_4": {
        "MSE": 0.009530765935778618,
        "RMSE": 0.09762564179445182,
        "MAE": 0.08234532922506332
      },
      "hour_5": {
        "MSE": 0.009644419886171818,
        "RMSE": 0.0982060073833155,
        "MAE": 0.08220794051885605
      },
      "hour_6": {
        "MSE": 0.009733369573950768,
        "RMSE": 0.0986578409147026,
        "MAE": 0.08221308887004852
      },
      "hour_7": {
        "MSE": 0.009553942829370499,
        "RMSE": 0.09774427261671396,
        "MAE": 0.08235854655504227
      },
      "hour_8": {
        "MSE": 0.009675148874521255,
        "RMSE": 0.0983623346333405,
        "MAE": 0.08227558434009552
      },
      "hour_9": {
        "MSE": 0.009571317583322525,
        "RMSE": 0.09783311087419497,
        "MAE": 0.08228043466806412
      },
      "hour_10": {
        "MSE": 0.009727967903017998,
        "RMSE": 0.09863046133430584,
        "MAE": 0.0822596475481987
      },
      "hour_11": {
        "MSE": 0.009749986231327057,
        "RMSE": 0.09874201857024727,
        "MAE": 0.08230619877576828
      },
      "hour_12": {
        "MSE": 0.009730848483741283,
        "RMSE": 0.09864506314936031,
        "MAE": 0.08224456757307053
      },
      "hour_13": {
        "MSE": 0.009786594659090042,
        "RMSE": 0.09892721900008128,
        "MAE": 0.08232076466083527
      },
      "hour_14": {
        "MSE": 0.00978333130478859,
        "RMSE": 0.09891072391196311,
        "MAE": 0.08229923993349075
      },
      "hour_15": {
        "MSE": 0.00964477937668562,
        "RMSE": 0.09820783765405702,
        "MAE": 0.08225748687982559
      },
      "hour_16": {
        "MSE": 0.009607478976249695,
        "RMSE": 0.09801774827167627,
        "MAE": 0.08220405131578445
      },
      "hour_17": {
        "MSE": 0.009603073820471764,
        "RMSE": 0.09799527448031238,
        "MAE": 0.08227872848510742
      },
      "hour_18": {
        "MSE": 0.0096580246463418,
        "RMSE": 0.09827524940869801,
        "MAE": 0.08231831341981888
      },
      "hour_19": {
        "MSE": 0.009737418033182621,
        "RMSE": 0.0986783564576479,
        "MAE": 0.08236003667116165
      },
      "hour_20": {
        "MSE": 0.009792488068342209,
        "RMSE": 0.0989570011082703,
        "MAE": 0.08237491548061371
      },
      "hour_21": {
        "MSE": 0.009630135260522366,
        "RMSE": 0.09813325257282755,
        "MAE": 0.08233897387981415
      },
      "hour_22": {
        "MSE": 0.009699590504169464,
        "RMSE": 0.09848649909591398,
        "MAE": 0.08221865445375443
      },
      "hour_23": {
        "MSE": 0.009727691300213337,
        "RMSE": 0.09862905910639794,
        "MAE": 0.08221711218357086
      },
      "hour_24": {
        "MSE": 0.009660732001066208,
        "RMSE": 0.09828902279026996,
        "MAE": 0.08233816921710968
      }
    }
  },
  "GRU": {
    "MSE": 0.010619408451020718,
    "RMSE": 0.10305051407450969,
    "MAE": 0.08406858146190643,
    "R2": -0.10273551940917969,
    "MAPE": 41.09119415283203,
    "MSE_original": 39.256126403808594,
    "RMSE_original": 6.265470964245911,
    "MAE_original": 5.111369609832764,
    "by_horizon": {
      "hour_1": {
        "MSE": 0.011026543565094471,
        "RMSE": 0.10500735005271998,
        "MAE": 0.08528397977352142
      },
      "hour_2": {
        "MSE": 0.010082380846142769,
        "RMSE": 0.10041105938163768,
        "MAE": 0.08331237733364105
      },
      "hour_3": {
        "MSE": 0.010580071248114109,
        "RMSE": 0.10285947330272555,
        "MAE": 0.08427722007036209
      },
      "hour_4": {
        "MSE": 0.009983234107494354,
        "RMSE": 0.09991613537109185,
        "MAE": 0.08248814940452576
      },
      "hour_5": {
        "MSE": 0.011100541800260544,
        "RMSE": 0.10535910876739868,
        "MAE": 0.08468111604452133
      },
      "hour_6": {
        "MSE": 0.011303207837045193,
        "RMSE": 0.10631654545293123,
        "MAE": 0.08542594313621521
      },
      "hour_7": {
        "MSE": 0.010433010756969452,
        "RMSE": 0.10214211059582357,
        "MAE": 0.0829695463180542
      },
      "hour_8": {
        "MSE": 0.010697330348193645,
        "RMSE": 0.10342789927381126,
        "MAE": 0.08413206785917282
      },
      "hour_9": {
        "MSE": 0.01116960123181343,
        "RMSE": 0.10568633417719356,
        "MAE": 0.0846998393535614
      },
      "hour_10": {
        "MSE": 0.01110151782631874,
        "RMSE": 0.10536374056723091,
        "MAE": 0.08546240627765656
      },
      "hour_11": {
        "MSE": 0.010522083379328251,
        "RMSE": 0.10257720691912142,
        "MAE": 0.0839318260550499
      },
      "hour_12": {
        "MSE": 0.011707384139299393,
        "RMSE": 0.10820066607604314,
        "MAE": 0.08627917617559433
      },
      "hour_13": {
        "MSE": 0.011261861771345139,
        "RMSE": 0.1061219193726967,
        "MAE": 0.0858430340886116
      },
      "hour_14": {
        "MSE": 0.010081510059535503,
        "RMSE": 0.10040672317895602,
        "MAE": 0.08317312598228455
      },
      "hour_15": {
        "MSE": 0.010615014471113682,
        "RMSE": 0.10302919232486335,
        "MAE": 0.08371082693338394
      },
      "hour_16": {
        "MSE": 0.010618671774864197,
        "RMSE": 0.1030469396676301,
        "MAE": 0.08354360610246658
      },
      "hour_17": {
        "MSE": 0.010114507749676704,
        "RMSE": 0.10057090906259476,
        "MAE": 0.08378584682941437
      },
      "hour_18": {
        "MSE": 0.010021213442087173,
        "RMSE": 0.10010601101875538,
        "MAE": 0.08272608369588852
      },
      "hour_19": {
        "MSE": 0.010530701838433743,
        "RMSE": 0.1026192079409783,
        "MAE": 0.08355981111526489
      },
      "hour_20": {
        "MSE": 0.009954462759196758,
        "RMSE": 0.09977205399908713,
        "MAE": 0.08269955962896347
      },
      "hour_21": {
        "MSE": 0.010522272437810898,
        "RMSE": 0.10257812845734171,
        "MAE": 0.08405353128910065
      },
      "hour_22": {
        "MSE": 0.009935375303030014,
        "RMSE": 0.099676352777527,
        "MAE": 0.08334863930940628
      },
      "hour_23": {
        "MSE": 0.010634900070726871,
        "RMSE": 0.10312565185600948,
        "MAE": 0.08368225395679474
      },
      "hour_24": {
        "MSE": 0.010868407785892487,
        "RMSE": 0.10425165603429275,
        "MAE": 0.08457605540752411
      }
    }
  },
  "Hybrid": {
    "MSE": 0.012486785650253296,
    "RMSE": 0.1117442868797027,
    "MAE": 0.08366849273443222,
    "R2": -0.2966468334197998,
    "MAPE": 34.33307647705078,
    "MSE_original": 46.159156799316406,
    "RMSE_original": 6.794053046548607,
    "MAE_original": 5.0870442390441895,
    "by_horizon": {
      "hour_1": {
        "MSE": 0.012332414276897907,
        "RMSE": 0.11105140375924073,
        "MAE": 0.08313987404108047
      },
      "hour_2": {
        "MSE": 0.01238868199288845,
        "RMSE": 0.1113044563029192,
        "MAE": 0.08351454138755798
      },
      "hour_3": {
        "MSE": 0.012037146836519241,
        "RMSE": 0.10971393182508428,
        "MAE": 0.08245798945426941
      },
      "hour_4": {
        "MSE": 0.01179337315261364,
        "RMSE": 0.10859729809076117,